Patent Number - Numéro du brevet|Abstract text sequence number - Texte de l’abrégé numéro de séquence|Language of Filing Code - Langue du type de dépôt|Abstract Language Code - Code de la langue du résumé|Abstract Text - Texte de l’abrégé
1023671|   1|EN|FR|PRECIS DE LA DIVULGATION:, Elément unitaire utilisable notamment dans des appareils, de fractionnement de fluide, comprenant une bande étanche enroulée, sous forme d'un cylindre spiralé, un mandrin creux perforé placé, au centre du cylindre spiralé et étant parallèle aux génératrices, de ce cylindre, des fibres creuses à l'intérieur du cylindre spi-, ralé, entre ses spires, deux parois disposées à chacune des extré-, mités de ce cylindre, ces parois étant solidaires à la fois de la, bande étanche, du mandrin et des fibres creuses, les fibres creuses, traversant l'une au moins des parois d'extrémité. Cet appareil est, utilisable notamment en dialyse, ultrafiltration, osmose inverse, et perméation gazeuse.
1023690|   1|FR|FR|PRECIS DE LA DIVULGATION:, L'invention concerne un procédé pour le traitement des, minerais en vue de la production de métaux purs, le procédé é-, tant caractérisé par la succession des opérations suivantes:, on réduit le minerai à l'état pulvérulent par broyage, la pou-, dre ainsi obtenue étant humidifiée, la poudre de minerai est, distribuée et déversée depuis le sommet dans une tour de nébu-, lisation dans laquelle sont parallèlement envoyés dans deux zo-, nes distinctes d'une part un brouillard humide et d'autre part, des vapeurs choisies dans le groupe comportant l'anhydride sul-, furique, l'anhydride nitrique et l'acide chlorhydrique, lesdites, vapeurs en contact avec l'eau provoquant la formation d'une so-, lution acide à l'état naissant apte à attaquer le minerai en sus-, pension pour former le sel correspondant, les sels sont mis en, solution dans un milieu aqueux et la solution est amenée sur un, lit de résines échangeuses d'ions pour provoquer la rétention, des cations, on récupère les cations par des éluats sélectifs, selon des gradients de concentrations convenables et on traite, successivement les éluats par électrolyse pour obtenir à la ca-, thode le métal pur. Application à la production de nickel et, d'autres métaux purs par un procédé hydrométallurgique.
1023720|   1|EN|FR|PRECIS DE LA DIVULGATION:, La présente invention concerne un support tubulaire pour, le renvidage de fil textile.Ledit support en particulier est utili-, sable lors du renvidage avec un cylindre pilote présentant des ba-, gues de lancement et comporte sur sa surface extérieure deux dé-, pressions annulaires aux zones correspond aux points de rebrous-, sement. Le support tubulaire selon l'invention s'applique en par-, ticulier au renvidage de fil thermoplastique à l'état partielle-, ment étiré.
1023743|   1|EN|FR|PRECIS DE LA DIVULGATION:, Procédé de préparation de mélange d'azine de formule:, (I), et d'hydrazone de formule:, (II), où R1, R2, R3 et R4, identiques ou différents, représentent, soit un atome d'hydrogène, soit un radical alkyle linéaire ayant, de 1 à 12 atomes de carbone, soit un radical alkyle ramifié ou, cycloalkyle ayant de 3 à 12 atomes de carbone, soit un radical, hydrocarboné ayant de 6 à 12 atomes de carbone et comprenant, un noyau aromatique, naphtalénique ou pyridique, un seul des, radicaux R3 ou R4 des formules (II) et (III) pouvant représenter, un atome d'hydrogène. Le procédé consiste à faire réagir du, peroxyde d'hydrogène avec un mélange d'ammoniac et d'une amine, primaire ou secondaire. (III), en présence d'un composé carbonylé (IV), (IV), et d'un catalyseur choisi dans le groupe constitué par: le, sélénium, le bioxyde de sélénium, les sélénites alcalins ou, alcalino-terreux, le trioxyde de sélénium, l'acide sélénique et les, séléniates alcalins et alcalino-terreux. Les azines (I) et hydra-, zones (II), dont la production conjointe constitue le premier, objectif de la présente invention, sont des agents de synthèse, utiles, que l'on peut notamment hydrolyser selon des méthodes, connues, pour obtenir les hydrazines correspondantes ou leurs, sels avec libération du composé carbonylé que l'on peut recycler.
1023772|   1|EN|FR|A B R E G E, Perfectionnement aux distributeurs de feuilles en liasses, comprenant un détecteur du passage simultané de plusieurs, feuilles au voisinage de la sortie d'un distributeur ledit détecteur, commandant l'aiguillage desdites feuilles vers un réceptacle particu-, lier et comprend une roue excentrée et des moyens de détection de la, rotation de la roue.
1023812|   1|FR|FR|PRECIS DE LA DIVULGATION:, Dispositif de recherche automatique des éléments, caractéristiques d'une trame à multiplexage de temps comprenant, un nombre total de bits N inconnu et au moins un mot répétitif, recevant la trame sous forme d'une suite de signaux binaires d'in-, formation et un signal de rythme fourni par une horloge cadencant, l'écoulement des signaux binaires. Le dispositif comporte un en-, semble de comparaison d'un tronçon de s bits survenant dans la, trame avec un tronçon de même longueur survenu n temps d'horloge, auparavant, et comportant un organe de retard d'une durée ajustable, de n temps d'horloge. Un circuit , reçoit le signal, binaire direct et le même signal retardé de n temps d'horloge. Un registre à décalage d'une longueur s est cadence par l'horloge, ce registre est relié à la sortie du circuit , et ayant, s sorties parallèles qui attaquent une porte ET. En outre, un, circuit d'évaluation statistique des signaux de comparaison est, commande par les signaux de sortie de la porte ET, et fait changer, cycliquement la durée ajustable jusqu'à la détection répétitive, de coincidence dans la porte ET.
1023929|   1|EN|FR|PRECIS DE LA DIVULGATION:, Procédé de fabrication de places d'armature destinées, au raccord de parois intermédiaires, d'escaliers et de plan-, chers intermédiaires à des parois principales en béton. Suivant, ce procédé, on plie des fers sous forme de U, on rabat les deux, pattes du U à angle droit et à une distance déterminée de l'âme, du U, on place les fers ainsi pliés dans un moule en forme de, rigole et l'on verse de la mousse synthétique liquide dans le, moule pour emprisonner lesdites pattes dans le corps de mousse, durcie. Le resto des arceaux s'étend hors de la mousse et est, destiné à être pris dans le béton de la paroi principale. -1-
1023966|   1|FR|FR|PRECIS DE LA DIVULGATION:, Corps en plusieurs parties destiné à contenir les, cylindres, le panneton, les poussoirs et les chevilles d'une, serrure de sûreté, ce corps comprenant deux moitiés énantio-, morphes qui présentent, dans le sens longitudinal, des évide-, ments semi-cylindriques contigus destinés à recevoir les cy-, lindres et munis de décrochements de centrage desdits cylindres. Dans le sens transversal, le corps présente des évidements semi-, cylindriques destinés à recevoir les poussoirs et les chevilles. Deux listaux servent à fermer les logements situés sous les, évidements semi-cylindriques destinés à contenir les poussoirs, et les chevilles. -1-
1024051|   1|EN|FR|PRECIS DE LA DIVULGATION:, L'invention a pour objet un crampon antidérapant pour, pneus de véhicules automobiles composé d'un bâtonnet de carbure, de tungstène enfoncé dans un fourreau en matière plastique. Ce, fourreau est constitué d'un fût cylindrique ou tronconique et, d'au moins une collerette affleurant la bande de roulement, le, diamètre de la collerette étant supérieur au plus grand diamètre, du reste du fourreau. Une telle disposition assure une grande, stabilité du dépassement du bâtonnet de carbure au-dessus de la, bande de roulement du pneu pendant toute la durée d'utilisation.
1024057|   1|EN|FR|PRECIS DE LA DIVULGATION:, La présente demande divulgue un siège repliable monté, sur support. Il est caractérisé en ce que ledit support, consi-, déré en coupe selon le plan de symétrie du siège, a généralement, la forme d'un U aux branches inégales, et en ce que le siège, proprement dit est réuni, au niveau de son centre de gravité, à l'extrémité libre de la branche la plus courte du U, de manière, à pouvoir pivoter entre une position verticale de fermeture et, une position horizontale d'ouverture, tandis que le dossier du, siège est monté à la partie supérieure de l'autre bande du U. Ainsi le mécanisme d'articulation occupe une position qui le, rend invisible et inaccessible lorsque le siège est ouvert. Les, risques de blessures ou de salissures se trouvent donc supprimés.
1024082|   1|EN|FR|PRECIS DE LA DIVULGATION :, L'invention se rapporte à un procédé pour le traitement, de liquides, notamment d'eaux, par décantation à lit de boue, pulsé. Le liquide à traiter est en contact avec le lit de boue, et traverse ce dernier avec une vitesse ascensionnelle. On, confère au liquide à traiter, à son entrée dans l'appareil et, lors de sa progression dans le lit de boue une direction, d'écoulement inclinée sur l'horizontale. L'inclinaison est telle, que les boues constituant le lit sont amenées à se déposer en, donnant naissance à des courants préférentiels du liquide et des, boues. Les courants favorisent la tendance au tassement des, boues. Le procédé permet, suivant les cas, soit d'opérer sans, modifier la vitesse ascensionnelle moyenne du liquide à traiter, avec un lit de boues de forte concentration en matière de suspen-, sion et donc d'obtenir une qualité d'eau traitée supérieure, soit d'augmenter sensiblement la vitesse ascensionnelle du liquide, à traiter, sans obtention d'une qualité d'eau équivalente, soit, de combiner ces deux possibilités.
1024151|   1|EN|FR|PRECIS DE LA DIVULGATION:, La présente invention a pour objet de nouveaux dérivés, du thiadiazole portant un groupement phosphoryloxy en position, 3 et répondant à la formule I:, (I), dans laquelle R est un radical alcoyle ayant de 1 à 3 atomes de, carbone, W est un atome d'oxygène ou de soufre, X est un atome, d'oxygène ou de soufre ou un atome d'azote portant un atome, d'hydrogène ou un radical alcoyle ayant de 1 à 3 atomes de carbo-, ne, n est un nombre entier qui peut varier de 1 à 4, R1 représente, un atome d'hydrogène, un groupe cyano, un groupe alcoyloxycar-, bonyle, un radical alcoyloxy ayant de 1 à 3 atomes de carbone, un radical alcényle ayant de 2 à 4 atomes de carbone ou un radi-, cal phényle pouvant être non substitué, monosubstitué par un, atome d'halogène, un radical alcoyle ou alcoyloxy ayant de 1 à 3, atomes de carbone ou disubstitué par des atomes d'halogène ou, par des radicaux alcoyles ou alcoyloxy ayant de 1 à 3 atomes de, carbone, et aussi a pour objet le procédé de préparation de ces, nouveaux dérivés qui consiste essentiellement à faire réagir un, dérivé phosphoré approprié sur un 3-hydroxy thiadiazole corres-, pondant. Les produits de l'invention sont doués de propriétés, insecticides et nématocides.
1024163|   1|EN|FR|PRECIS DE LA DIVULGATION :, La présente invention se rapporte à un procédé de fa-, brication d'acides gras à partir de savons consistant à solubi-, liser un savon dans un acide organique fondu, dont le radical, est identique ou non à celui du savon, dans un rapport compris, respectivement entre 2/1 et 0,2/1 à une température comprise, entre 50°C et 150°C à l'abri de l'air et à pression atmosphé-, rique, puis à acidifier le mélange par une solution aqueuse d'a-, cide minéral, la quantité d'eau étant suffisante pour solubili-, ser la totalité des sels minéraux formés.
1024169|   1|EN|FR|PRECIS DE LA DIVULGATION:, De nouveaux composés répondant à la formule générale:, RF - CF = CH - CH = CF - R'F, dans laquelle RF et R'F identiques ou différents, représentent, chacun un atome de fluor ou un radical fluorocarboné comportant de, 1 à 20 atomes de carbone et contenant ou non des atomes d'hydro-, gène ou d'halogène autres que le fluor, sont obtenus en faisant, réagir un composé de formule RF - CF2 - CH = CH2 et un composé de, formule R'F - CF2 - I en excès molaire d'environ 5 à 100% par, rapport à la quantité stoechiométrique, RF et R'F ayant la signi-, fication précitée, au sein d'un solvant et en présence d'environ 2, à 5 atomes-grammes de cuivre par mole du composé R'F - CF2 - I, à une température comprise entre 120 et 150°C et pendant un temps, compris entre environ 10 heures et 3 jours. Ces composés sont, des intermédiaires de synthèse intéressants; ils peuvent également, être utilisés comme monomères de polymérisation et copolymérisation.
1024178|   1|EN|FR|PRECIS DE LA DIVULGATION:, L'invention a pour objet une nouvelle machine à, plisser susceptible de former des plis dans une zone limitée, sur une nappe de matériau comme le papier, le tissu, le non-, tissé, les feuilles plastiques, chaque pli convergeant vers, une plage non plissée. Cette machine, comprenant un bâti, deux, rouleaux, au moins une plaque de formation de plis et un peigne, se caractérise par une possibilité de pivotement particulier, du peigne et par la présence d'une table destinée à recevoir, le matériau à plisser, située en prolongement et en amont des, dits rouleaux et s'étendant sur une largeur au moins égale à, la somme de deux fois la largeur à plisser et de la largeur de-, vant rester non plissée.
1024304|   1|EN|FR|PRECIS DE LA DIVULGATION, Récipient, destine en particulier à renfermer un pro-, duit additionnel que l'on désire dissoudre progressivement dans, l'eau d'une chasse d'eau. Ce récipient est plongé dans le ré-, servoir où est retenu le liquide de chasse et comporte en pre-, mier lieu dans sa partie basse le produit additionnel à dissou-, dre, en deuxième lieu, au-dessus du niveau initial du produit, additionnel, un orifice d'entrée du liquide de chasse et, en, troisième lieu, dans sa partie haute, un orifice de sortie d'air, permettant le remplissage du récipient par le liquide de chasse. Le niveau de l'orifice d'entrée est compris entre les niveaux, minimum et maximum du liquide de chasse dans le réservoir. Un, organe est disposé en vis à vis de l'orifice d'entrée de liqui-, de et dirige le liquide vers la surface libre du produit addi-, tionnel. Cet organe laisse néanmoins subsister un passage entre, sa bordure inférieure et le niveau initial maximum du produit, additionnel dans le récipient. Cet organe est un déflecteur, rapporté à l'intérieur du récipient et délimite avec la paroi, du récipient une cheminée. Le déflecteur est disposé en vis-à-, vis de l'orifice d'entrée dans la zone longitudinale médiane de, l'une des grandes faces du récipient.
1024414|   1|EN|FR|PRECIS DE LA DIVULGATION:, Dispositif de sécurité pour réservoir de gaz comprimé, comportant une membrane sollicitée par un effort élastique et, resposant simultanément sur deux sièges concentriques. Il est, caractérisé par le fait que l'application de la pression au, siège de plus faible diamètre correspond à une position d'étanchéi-, té et que l'application de la pression au siège de plus grand, diamètre provoque une ouverture brusque du dispositif.
1024444|   1|EN|FR|PRECIS DE LA DIVULGATION, La présente invention a pour objet une nouvelle com-, position pour lutter contre l'aspect gras et inesthétique de la, chevelure et pour améliorer l'apparence de la peau, caractéri-, sée par le fait qu'elle contient, en combinaison dans un vé-, hicule approprié, au moins un composé actif correspondant à, la formule suivante:, . -?-
1024445|   1|EN|FR|PRECIS DE LA DIVULGATION:, Une nouvelle composition pour lutter contre l'aspect, gras et inesthétique de la chevelure et pour améliorer l'appa-, rence de la peau, caractérisée par le fait qu'elle contient, en, combinaison dans un véhicule approprié, au moins un composé actif, correspondant à la formule suivante :, . - 1 -
1024446|   1|EN|FR|PRECIS DE LA DIVULGATION:, Composition pour lutter contre l'aspect gras et, inesthétique de la chevelure et pour améliorer l'apparence de, la peau, caractérisée par le fait qu'elle contient en tant que, composé actif, dans un véhicule approprié, au moins un sel, correspondant à la formule suivante:, Ia Ib, Produits de cette formule et procédé de préparation. - 1 -
1024515|   1|EN|FR|PRECIS DE LA DIVULGATION:, L'invention a pour objet un procédé de préparation d'un, nouveau dérivé de la 4-(3H)-quinazolone, soit la 2-méthyl 3-(o-, cyanophényl)4-(3H)-quinazolone de formule I:, (I), et ses sels d'addition avec les acides minéraux ou organiques, pharmaceutiquement acceptables, procédé caractérisé essentielle-, ment en ce que l'on fait réagir l'acide N-acétylanthranilique avec, l'anthranilonitrile. Le produit obtenu par le procédé de l'in-, vention possède des propriétés hypnotiques, sédatives et anti-, convulsivantes.
1024521|   1|EN|FR|B R E V E T D ' I N V E N T I O N, Dérives aminés de 2,2-diaryl-cyclopropane. Invention : Jean-Claude COGNACQ, Société Anonyme dite : HEXACHIMIE, ABREGE DESCRIPTIF, La présente invention concerne en tant que produits industriels, nouveaux les composés de formule générale :, (I), dans laquelle : R représente l'atome d'hydrogène, un atome d'halogène, un, groupe alkyle inférieur ou un groupe alkoxy inférieur ; R1 représente l'atome, d'hydrogène, un groupe alkyle inférieur, de préférence méthyle, ou un groupe, aralkyle; A représente un groupe alkylène; et R0 représente l'atome, d'hydrogène ou un groupe acyle;, et leurs sels d'addition d'acides. Ces nouveaux produits sont utiles dans le traitement des troubles, cardiaques.
1024526|   1|EN|FR|PRECIS DE LA DIVULGATION:, L'invention a pour objet un procédé de préparation de, nouveaux benzyloxysulfamides et de leurs sels alcalins pharmaceu-, tiquement acceptables qui consiste essentiellement à faire réagir, le sulfamide avec une benzyloxyamine appropriée pour obtenir le, composé désiré que l'on peut, éventuellement, salifié. Les compo-, sés obtenus selon l'invention possèdent des propriétés tranquilli-, santes, anticonvulsivantes et anxiolytiques.
1024577|   1|EN|FR|PRECIS DE LA DIVULGATION:, La présente invention se propose de réduire fortement, les contraintes thermiques en donnant au corps polaire une défor-, mabilité suffisante pour lui permettre de suivre plus librement, les dilatations de la zone superficielle échauffée. Pour cela, un pôle saillant de machine électrique synchrone est prévu pour, former en un seul bloc un corps polaire radialement interne et, un épanouissement polaire radialement externe, et ce pôle saillant, est caractérisé en ce que l'épanouissement polaire est massif, tandis que le corps polaire est déformable et peut suivre les, dilatations thermiques de l'épanouissement polaire.
1024680|   1|FR|FR|PRECIS DE LA DIVULGATION:, Compositions organopolysiloxaniques vulcanisant dès, la température ambiante préparées par mélange de 100 parties, d'.alpha.-.omega. dihydroxydiorgano??lysiloxanes, 10 à 50 parties de résines, méthylsolysiloxaniques, 10 à 70 parties de charges, 0,5 à 15, parties de composés aminoorganosiliciques et 0 à 10 parties de, silicates d'alcoyles. Ces compositions sont caractérisées en ce, que les résines méthylsiloxaniques sont constituées de motifs, RMe2SiO0,5 et SiO2 où R représente un radical alcoyle ayant 1 à, 3 atomes de carbone ou le radical vinyle et le rapport numérique, des motifs RMe2SiO0,5 aux motifs SiO2 est compris entre 0,4 et 1,2;, ces résines renferment 0,5 à 3,5 % en poids de groupes hydroxyles, liés aux atomes de silicium. En outre, les composés aminoorganosi-, liciques sont les aminoorganosilanes (RO)3-pR'p SiCH2)nOm(CH2)t, NHQ ainsi que leurs produits de réaction sur des polymères, méthylpolysiloxaniques hydroxylés. Ces compositions adhèrent aux, supports les plus divers, sans l'aide d'une sous-couche d'adhérence.
1024681|   1|FR|FR|PRECIS DE LA DIVULGATION:, Compositions organopolysiloxaniques obtenues par mé-, lange de 100 parties d'.alpha.-.omega. dihydroxy diorganopolysiloxanes, de, 1 à 15 parties de trialcoxy- ou tetraalcoxysilanes ou de leurs, hydrolysats partiels, 0,2 à 6 parties de tetraalcoxytitanes ou, de leurs hydrolysats ou de chelates de titane, 0 à 100 parties, de charges minérales et 0 à 100 parties de plastifiants et/ou de, étabilisants organiques. Ces compositions sont caractérisées en, ce qu'elles contiennent en outre 0,5 à 8 parties de résines or-, ganosiliciques constituées de motifs de formule R' (CH3)2SiO0,5, et SiO2, R' représentant un radical alcoyle ayant 1 à 3 atomes, de carbone ou un radical vinyle et le rapport du nombre de mo-, tifs R' (CH3)2SiO0,5 au nombre de motifs SiO2 se situant dans, l'intervalle 0,4/1 à 1,2/1. Les compositions selon l'invention, sont particulièrement utiles à la protection de dispositifs élec-, triques et électroniques.
1024688|   1|EN|FR|PRECIS DE LA DIVULGATION :, Copolymère cationique greffé et réticulé résultant, de la copolymérisation d'au moins un monomère cosmétique, de, méthacrylate de diméthylaminoéthyle, de polyéthylène glycol et, d'un réticulant polyinsaturé. Ces copolymères permettent de, réaliser des compositions cosmétiques de meilleure qualité. Ces copolymères cationiques sont préparés en copolymérisant soit, en masse soit en suspension dans un solvant, au moins un mono-, mère cosmétique du méthacrylate de diméthylaminoéthyle, du, polyéthylène glycol et un réticulant, en présence d'un catalyseur, de polymérisation dans une proportion comprise entre 0,2 et, 15 % en poids par rapport au poids total des réactifs.
1024786|   1|EN|FR|PRECIS DE LA DIVULGATION:, Procédé d'amélioration de la qualité et, en particulier, de la santé externe de produits tels que barres ou fil machine, en alliages de cuivre ou d'aluminium fabriqués par coulée sur, une roue à gorge fermée par un ruban ou une chaîne refroidie, puis laminage en continu, caractérisé en ce que l'on procède, entre la première passe de laminage et la deuxième passe, à un, scalpage de la face d'une ébauche solidifiée au contact du ruban, ou de la chaîne. Et, dispositif de mise en oeuvre de ce procédé, caractérisé en ce qu'11 comprend une fraise montée sur un bâti, réglable en position par rapport à l'ébauche, disposée entre la, première et la deuxième cage de la ligne de laminage qui suit la, roue de coulée, de telle sorte que les outils de la fraise atta-, quent la face de l'ébauche solidifiée au contact du ruban ou de, la chaîne.
1024824|   1|EN|FR|PRECIS DE LA DIVULGATION:, Le système d'entraînement continu à vitesse, variable le long d'un parcours, comportant des éléments, mobiles principaux se déplaçant sur une première voie de, roulement et reliés deux à deux par un lien souple de, longueur constante, et des éléments mobiles auxiliaires, se déplaçeant sur une deuxième voie de roulement, l'écarte-, ment entre lesdites première et deuxième voies de roulement, étant variable le long d'au moins une partie du parcours, et ledit lien souple passant par deux organes de renvoi, solidaires chacun d'un élément mobile principal, de sorte, qu'un brin central de ce lien souple soit toujours disposé, sensiblement suivant la direction du déplacement, le deux, brins extrêmes de ce lien étant fixés chacun à un élément, mobile auxiliaire qui n'est lié aux éléments mobiles, principaux par aucun moyen rigide.
1024847|   1|EN|FR|PRECIS DE LA DIVULGATION:, Bigoudi chauffant constitué d'un corps cylindrique, creux et comportant, à l'intérieur, un réservoir de combustible, liquéfié sous pression muni d'un détendeur et un catalyseur des-, tiné à catalyser par contact la combustion du combustible pro-, venant du réservoir précité, ledit catalyseur étant en contact, avec l'air ambiant à l'intérieur du bigoudi. Entre le réservoir, et le catalyseur, on interpose un élément suceptible d'être, traversé, sous la pression de gaz combustible qui règne dans le, réservoir, par un faible débit constant de combustible gazeux, et à la suite de l'élément précité, une canalisation rigide re-, cueillant le débit de combustible gazeux obtenu à partir dudit, élément et le dirigeant vers un point de la zone centrale du, catalyseur. L'élément susceptible d'être traversé par un faible, débit gazeux est une membrane perméable au combustible gazeux, constituée d'un produit silicone, en particulier le diméthylsi-, lane ayant une épaisseur comprise entre 40 et 80 microns et, de, préférence, voisine de 60 microns. Pour ce qui est de l'élément, permettant le passage d'un faible débit gazeux, il est constitué, d'une pastille d'un matériau poreux tel que celui obtenu en ag-, glomérant des produits pulvérulents obtenue par compactage d'une, poudre de silicate de calcium, d'une poudre de stéatite ou d'une, poudre de graphite.
1024876|   1|EN|FR|PRECIS, Une machine pour empaqueter les cigarettes. La, machine à empaqueter les cigarettes, du type rapide à tambours, ou ?oues multiples d'emballage, et comportant des encoches, réceptrices périphériques radiales et multiples du genre, barillet de revolver, places en alignement et en série, en, combinaison avec des organes de pliage et des organes préhenseurs, y associés, propres à transférer successivement des faisceaux, distincts de cigarettes d'un tambour précédent à un tambour, successif, ainsi que des éléments à plaquettes mobiles, propres, à être insérés entre la faisceau de cigarettes à emballer et, les matériaux correspondants d'encart, pour servir d'organes, de réaction rigide vis-à-vis de chaque organe de pliage pour, l'execution de l'enveloppe ou du paquet de cigarettes, d'autres, moyens étant prévus pour actionner en synchronisme entre, eux et par rapport aux tambours précités lesdits organes, de préhension et de transfert et à plaquettes de réaction, aux dits organes de pliage.
1024887|   1|FR|FR|PRECIS DE LA DIVULGATION:, Vanne de sécurité hydraulique munie de moyens de con-, trôle de l'étanchéité. Sur cette vanne le passage d'égalisation, entre les pressions au-dessus et au-dessous de la vanne com-, porte deux moyens d'étanchéité, l'un par contact de deux por-, tées tronconiques entre le corps extérieur et le tube intérieur, l'autre par la mise en place de clapets appliqués à l'aide de, ressorts sur les orifices d'entrée du passage d'égalisation, percés dans la garniture inférieure du corps extérieur, et dont, l'ouverture est commandée par l'action d'une surface tronconique, du tube intérieur. Ce dispositif donne une grande sécurité, aux vannes utilisées dans les tubages de production de grande, dimension sur les puits en mer.
1024894|   1|EN|FR|PRECIS DE LA DIVULGATION:, Compositions grasses pour la réalisation de produits, cosmétiques et notamment de produits de maquillage tels que rouges, à lèvres en stick ou en pâte et mascaras et compositions cosméti-, ques les contenant. Les dites compositions grasses étant caracté-, risées par le fait qu'elles comprennent en mélange au moins un, corps gras cosmétique et au moins un homopolymère non-toxique pris, dans le groupe constitué par:, (a) les homopolymères ayant une répétition de motifs de, formule:, (I), dans laquelle R représente une chaîne hydrocarbonée saturée, li-, néaire ou ramifiée, ayant de 6 à 19 atomes de carbone. et (b) les homopolymères ayant une répétition de motifs, de formule:, (II), dans laquelle R1 représente un atome d'hydrogène ou un radical, méthyle et R2 une chaîne hydrocarbonée saturée, linéaire ou rami-, fiée ayant de 10 à 20 atomes de carbone. L'existence de la compo-, sition grasse dans les cosmétiques leur confère une grande résis-, tance à la rupture, une excellente brillance et une bonne adhéren-, ce.
1024895|   1|EN|FR|PRECIS DE LA DIVULGATION:, La présente invention se rapporte à une composition grasse, pour la réalisation de produits cosmétiques, caractérisée par le, fait qu'elle comprend en mélange au moins un corps gras cosmétique, et au moins un copolymère non toxique correspondant à la formule, suivante:, I, Ia Ib, dans laquelle:, R1 représente une chaîne hydrocarbonée saturée, linéaire, ou ramifiée, ayant de 1 à 19 atomes de carbone, R2 représente un radical pris dans le groupe constitué, par:, a) - O - ? - R4, R4 ayant la même signification que, R1 mais est différent de R1 dans un même copolymère, b) - CH2 - R5, R5 représentant une chaîne hydrocarbonée, saturée, linéaire ou ramifiée, ayant de 5 à 25 atomes, de carbone, c) - O - R6, R6 représentant une chaîne hydrocarbonée, saturée, ayant de 2 à 18 atomes de carboné, et d) - CH2 - O - ? - R - R7, R7 représentant une chaîne hydrocarbonée, saturée, linéaire ou ramifiée, ayant de 1 à 19 atomes de car-, bone, et R3 représente un atome d'hydrogène quand R2 représente les, radicaux a), b) ou c) ou R3 représente un radical méthyle quand, R2 représente le radical d), ledit copolymère devant être constitué, d'au moins 15 % en poids d'au moins un monomère dérivé d'un motif, Ia ou d'un motif Ib dans lesquels les chaînes hydrocarbonées, saturées, linéaires ou ramifiées, ont au moins 7 atomes de carbone. Les produits cosmétiques obtenus à partir de la composition grasse, faisant l'objet de l'invention, possèdent les caractéristiques, d'une bonne résistance, une bonne adhérence tout en conservant une, brillance suffisante, dans le cas des rouges à lèvres par exemple.
1024896|   1|FR|FR|PRECIS DE LA DIVULGATION:, On y divulgue un procédé pour améliorer et modifier les, propriétés des cheveux vivants, caractérisé par le fait que l'on, transforme en lanthionine environ 10 à 50% et de préférence en-, viron 15 à 50% de la cystine qu'ils contiennent, les cheveux, étant soumis à une extension par une déformation mécanique pendant, le traitement. On traite les cheveux en milieu aqueux à l'aide, d'une composition à base d'hydroxyde alcalin ou alcalino-terreux, ayant un pH compris entre 12,5 et 13, à température comprise entre, environ 30 et 120°C, pendant un temps suffisant pour obtenir le, taux de lanthionine désiré, ce temps étant compris entre 5 et 60, minutes. La composition à base d'hydroxyde alcalin ou alcalino-, terreux et d'un activateur de lanthionisation choisi dans le grou-, pe que constituent: les électrolytes neutres du point de vue, oxydo-réducteur, les réducteurs ayant une action hydrolytique, limitée sur les liaisons S-S de la cystine et les composés ten-, sio-actifs cationiques. Les cheveux sont soit enroulés sur bi-, goudis ou sur rouleaux de mise en plis, soit soumis à un lissage, mécanique à l'aide d'un peigne. On constate que la tenue de la, mise en plis est nettement plus élevée dans le cas des cheveux, lanthionisés.
1024904|   1|EN|FR|BREVET D'INVENTION, PROCEDE DE RECUPERATION SOUS FORME DE SOUFRE DE COMPOSES, SULFURES CONTENUS DANS DES GAZ. Pierre GRANCHER, Gilbert GUYOT, Invention de : Pierre MATHIEU, André PHILIPPE, Jean SOLINHAC, Société Anonyme dite :, SOCIETE - NATIONALE DES PETROLES D'AQUITAINE. ABREGE DESCRIPTIF, Procédé de désulfuration de gaz résiduaires renfermant en faibles, concentrations H2S, SO2 et éventuellement du soufre vésiculaire, dans lequel on fait passer lesdits gaz à une température comprise, entre l'ambiante et 180°C sur un adsorbant à base d'alumine, puis, l'on met en contact l'adsorbant chargé du soufre formé avec un fluide, gazeux chaud pour désorber ledit soufre et régénérer l'adsorbant. Ce procédé est caractérisé en ce que le temps de contact entre le, gaz résiduaire et l'adsorbant est compris entre 1 et 25 secondes, et, que la régénération subséquente de l'adsorbant chargé de soufre est, effectuée à l'aide d'un gaz exempt d'oxygène, en particulier un tel, gaz renfermant de l'hydrogène sulfuré, à une température comprise, entre 200 et 350°C, ladite régénération étant suivie d'un balayage, de l'adsorbant régénéré au moyen d'un gaz renfermant de la vapeur, d'eau pour amener ledit adsorbant à la température requise pour sa, mise en contact avec le gaz à désulfurer. Ces conditions opératoires, spécifiques permettent d'augmenter le rendement de désulfuration des, gaz résiduaires et d'améliorer sa stabilité dans le temps.
1025010|   1|EN|FR|Précis, On sait que les cibles actuelles pour les carabines et pistolets, à air obligent le tireur à se rendre à sa cible constamment. Dans la présente, invention, la région touchée par le projectile est électroniquement détectée, par un grillage métallique, qui est relié à un dispositif d'illumination. Ce, dispositif, dispose au côte du tireur, indique la région touchée par le, projectile sans nécessité de déplacement de la part du tireur. Pour chaque, région de la cible, cette illumination s'effectue, par l'intermédiaire du, grillage, grâce à un court-circuit instantané du condensateur d'un système, RC série. Ce système polarise la base d'un transistor bipolaire auquel est, relie, au collecteur, une diode électroluminescente ou une lampe basse tension. La durée de l'illumination est fonction des valeurs capacitive et résistive, dudit système RC. Soulignons également que la présente invention peut être, utilisée pour tout projectile métallique, dont l'énergie cinétique est, inférieure ou égale à celle des projectiles des carabines et pistolets à, air. On peut donc envisager d'utiliser la présente cible pour les frondes, ou simplement pour des exercices de lancers de balle métallique.
1025043|   1|EN|FR|PRECIS DE LA DIVULGATION:, L'invention est relative à un poste blindé à haute, tension ayant un jeu de barres à phases associées à l'inté-, rieur d'une gaine tubulaire. Une des barres s'étend le long, de l'axe de la gaine et les départs sont disposés face à face, de part et d'autre du jeu de barres. -, - 1 -
1025091|   1|EN|FR|PRECIS DE LA DIVULGATION:, Amplificateur laser comporte un milieu actif apte à, recevoir un faisceau incident et un tube à décharge hélicoïdal pour, exciter ce milieu actif en vue de réaliser l'amplification du, faisceau incident. Ce tube à décharge dont le diamètre d'enroule-, ment est voisin mais supérieur au diamètre du faisceau incident, est disposé autour de ce dernier. L'amplificateur laser est carac-, térisé par le fait qu'il comporte sur la périphérie dudit milieu, actif une enceinte renfermant un corps apte à absorber les radia-, tions parasites.
1025159|   1|EN|FR|PRECIS DE LA DIVULGATION:, Equipement de sécurité pour un poste d'accès au niveau, supérieur de véhicules de hauteurs variables. Il comporte une, plateforme longeant le véhicule et un moyen d'accès articulé, sur la plateforme et formant un abattant mobile entre une, position de dégagement où l'abattant est écarté du véhicule et, une position de service où il vient en appui sur le côté inté-, rieur du véhicule, c'est à dire le plus proche de la plateforme. Il y est prévu un dispositif de protection extérieur constitué, par un panneau articulé par des bras sur des supports solidaires, de la plateforme et mobile entre une position de dégagement où, le panneau est écarté du véhicule et une position de service où, il vient en appui sur le côté extérieur du véhicule c'est à dire, opposé à la plateforme. Les bras portant le panneau de protec-, tion extérieur sont chacun constitues en parallélogrammes, articulés permettant le maintien d'une inclinaison constante, du panneau quelle que soit la hauteur du véhicule sur lequel, il vient en appui. Le moyen d'accès articule est prolongé laté-, ralement par des panneaux de protection intérieurs mobiles avec, lui, l'ensemble de l'abattant ainsi formé venant en appui sur, le véhicule.
1025273|   1|EN|FR|A B R E G E D E S C R I P T I F, L'invention concerne des extraits de matières végétales, telles que le café, la chicorée, le thé, etc. extraits qui se, présentent sous l'aspect de grains instantanément solubles dans, l'eau, ayant une structure poreuse et continue, une surface sans, aspérités et une masse volumique comprise entre 50 et 300 g/l. L'invention se rapporte également à un procédé de fabrica-, tion de tels extraits en grains.
1025302|   1|EN|FR|Précis de divulgation, Dans la présente invention, la ou les vis de, réglage de richesse du mélange air-essence du régime, de ralenti sont retirées et son-t remplacées par un, dispositif qui permet d' obturer le ou les canaux d'arri-, vée d'essence du ralenti dès que l'accélération devient, suffisante pour que le mélange air-essence provienne du, ou des gicleurs principaux. Ces canaux sont également, obturés lors des décélérations et ne s'ouvrent que, lorsque le régime-moteur redevient proche du régime, prévu au ralenti.
1025341|   1|EN|FR|PRECIS, Procédé pour la production de panneaux en coupeaux préférablement, d'épaisseur fin emploiant une presse et une ou plusieurs machines à mouler, faisant un ensemble machines à mouler-presse, caractérisé en ce qu'on prévoit, un ou plusieurs plans ou plateformes faisant la navette entre les deux types de, machines et dans leur ensemble de manière que ces plans ou plateformes soient, toujours destinés à supporter soit l'matériel moulé par la machine à mouler, soit sont transfert à la presse et soit son pressage sur eux-mêmes sans, deplacement jusqu' au déchargement des panneaux en coupeaux finis après le, dit pressage étant ces plans ou plateformes, utilisés après ce pressage pour, un nouveau cycle de receuillet-transfert et préchauffement du matériel moulé, avant le pressage.
1025411|   1|EN|FR|PRECIS DE LA DIVULGATION:, L'invention concerne un véhicule sur roues muni d'un, dispositif d'épandage dont le débit est asservi à la vitesse de, progression et comportant une pompe prélevant le produit à épan-, dre dans un réservoir et le transmettant à une rampe d'épandage, par l'intermédiaire d'une chambre de distribution. Le véhicule, est caractérisé en ce qu'il comporte une vanne de régulation insé-, rée dans une conduite de régulation reliant le réservoir à la cham-, bre de distribution, un manomètre mesurant la pression dans cette, chambre et fournissant à un comparateur un signal de contre-réac-, tion pour un système électronique commandant l'ouverture de la, vanne par l'intermédiaire d'un moteur d'asservissement. Ce signal, de contre-réaction est comparé à un signal de référence fourni par, un bloc de calcul en fonction de la vitesse du véhicule, du débit, de produit à épandre et du type de buses utilisées à la sortie, de la rampe d'épandage. Ce véhicule peut être utilisé en agricul-, ture, notamment pour pulvériser des engrais et des insecticides.
1025436|   1|EN|FR|"PRECIS DE LA DIVULGATION:, L'invention a pour objet des dérivés diéniques de la, série de l'androstane de formule :, dans laquelle R représente un atome d'hydrogène, un radical alcoy-, le, ou un atome de métal alcalin, R' représente un atome d'hydro-, gène, R"" représente un groupement -COOM, dans lequel M représente, un atome de métal alcalin ou R"" forme avec R' un groupement C, et R2 représente un atome d'hydrogène ou le radical méthyle, et la préparation de ces composés."
1025442|   1|EN|FR|PRECIS DE LA DIVULGATION:, L'invention a pour objet un procédé de préparation, du pyroglutamate d'érythromycine qui consiste à faire réagir, de l'acide pyroglutamique sur de l'érythromycine base. Le, pyroglutamate d'érythromycine obtenu est doué d'une activité, bactériostatique et bactéricide.
1025449|   1|EN|FR|PRECIS, 2,5-diamino-1,4-benzoquinones sont utilisés dans la, production de composés pour teinture à cheveux et peuvent être, préparés en condensant un dérivé correspondant du 3-amino-4-, méthoxy phénol avec un dérivé correspondant hydroxy aniline ou un, dérivé phenylènediamine, un dérivé correspondant benzoquinone, imine ou un dérivé correspondant nitroso.
1025456|   1|EN|FR|"P R E C I S, L'invention se rapporte à des nouveaux dérivés de la, cyclopropylphénylpyrrolidine de formule générale:, dans laquelle:, - R, R' pris séparément représentent chacun un atome d'hydro-, gène ou d'halogène. un radical alkyle inférieur, alkoxy, inférieur. trihalogénométhyle, ou un groupe hydroxyle et, peuvent être en position méta ou para;, - R, R' pris ensemble peuvent représenter un radical méthylène-, dioxy;, - R"" représente un atome d'hydrogène ou un radical méthyle;, - R""' représente un atome d hydrogène, un radical alkyle, inférieur. benzyle, propargyle ou hydroxyéthyle, le terme, ""alkyle inférieur"" désignant un radical de 1 à 4 atomes de, carbone, ainsi que les sels non toxiques pharmaceutiquement acceptables, de ces dérivés. Ces composés sont utiles comme agents, anorexigènes et analeptiques."
1025592|   1|EN|FR|PRECIS DE LA DIVULGATION:, Procédé pour la préparation de copolymères amorphes, sensiblement linéaires, de monooléfines ou de monooléfines et de, diènes non conjugués avec des dérivés insaturés azotés choisis, parmi les N-vinylimidazole et N-vinylimidazoline et les composés, qui en dérivent par substitution des atomes d'hydrogène fixés aux, carbones de l'hétérocycle par des restes hydrocarbonés éventuel-, lement aminés. On met en contact, dans un milieu liquide inerte, et à une température comprise entre -80 et +150°C, au mois deux, monooléfines ayant de 2 à 20 atomes de carbone, et éventuellement, un diène non conjugué, avec au moins l'un desdits dérivés azotés, sous la forme d'un complexe avec un acide de Lewis en présence, d'un système catalytique de coordination. Les copolymères obte-, nue, sont vulcanisables et possèdent, entre autres, une très bon-, ne adhérence aux surfaces métalliques.
1025593|   1|EN|FR|PRECIS DE LA DIVULGATION:, Procédé pour la préparation de copolymères amorphes, sensiblement linéaires, de monooléfines ou de monooléfines et, de diènes non conjugués avec des lactames N-insaturés. Pour ce, faire on met en contact, dans un milieu liquide inerte et à une, température comprise entre -80 et +150°C, au moins deux monoolé-, fines ayant de 2 à 20 atomes de carbone, et éventuellement un, diène non conjugué, avec au moins un lactame N-insaturé sous la, formed d'un complexe avec un acide de Lewis en présence d'un, catalyseur de coordination jusqu'à la formation d'un copolymère. Les copolymères obtenus sont vulcanisables et possèdent, entre, autres, une adhérence améliorée aux surfaces métalliques.
1025637|   1|FR|FR|PRECIS DE LA DIVULGATION:, Procédé de réduction de la teneur en vapeurs nitreuses, des effluents gazeux nitreux consistant à effectuer successive-, ment une oxydation du NO en phase vapeur puis une absorption en, milieu aqueux en présence de peroxyde d'hydrogène effectuée de, telle sorte qu'à tout moment la quantité d'H2O2 introduite soit, juste celle qui est nécessaire pour oxyder N2O3 et NO2 en HNO3, en évitant tout excès d'H2O2. Application au traitement des, gaz de queue d'ateliers de préparation d'acide nitrique ou des, gaz résiduaires d'ateliers utilisateurs d'acide nitrique.
1025647|   1|EN|FR|ABREGE DESCRIPTIF, L'invention concerne le jonctionnement de bandes. La ferme-, ture de la jonction d'une bande ayant des éléments de jonc-, tion à chaque extrémité s'effectue à l'aide de deux sangles, de jonction fixées le long de chaque extrémité et comportant, chacune une rampe de guidage, 'un curseur ayant deux rainures, correspondant aux rampes de guidage et constitué de deux, parties séparées par un espace assure le rapprochement pro-, gressif des extrémités et l'imbrication des boucles; un, jonc est inséré dans le/ou les canaux définis par les boucles, imbriquées afin de verrouiller la fermeture.
1025669|   1|FR|FR|PRECIS DE LA DIVULGATION:, La présente invention a d'abord pour objet un procédé, de conversion de mattes contenant du cuivre et/ou du nickel ca-, ractérisé par un soufflage d'air ordinaire, d'air enrichi en, oxygène et/ou d'oxygène pur, au-dessous du niveau supérieur, de la matte, au moyen de jets doubles immergés. à double alimen-, tation séparée, constitues au centre par de l'air ordinaire ou, enrichi, ou par de l'oxygène pur, et à la périphérie par un, agent refroidissant protecteur, de préférence un agent apportant, du carbone, qui peut être avantageusement du fuel-oil. La teneur, en oxygène du vent de soufflage est variable d'une phase à l'au-, tre de l'affinage. C'est ainsi que, lorsque les tuyères ont ten-, dance à se boucher, par des dépôts de métal solidifie, en prove-, nance de la matte, l'invention permet de souffler de l'oxygène, pur, ou de l'air très enrichi en oxygène, ce qui débouche aussi-, tôt le nez des tuyères.
1025748|   1|EN|FR|PRECIS DE LA DIVULGATION:, Pressoir à fonctionnement continu, comprenant un organe, moteur entraînant en rotation une vis sans fin tournant à l'inté-, rieur d'un cylindre perforé, le cylindre étant pourvu, au voisi-, nage de l'une de ses extrémités, d'un orifice d'introduction des, fruits à presser, et, à son autre extrémité, d'une porte de pres-, sion contre laquelle s'appliquent les fruits pour l'extraction, du jus. L'organe moteur est constitué par au moins un vérin à, double effet, alimenté en fluide sous pression, tandis que la vis, sans fin est solidaire, à l'extérieur du cylindre, d'un disque, pourvu de doigts ou de crans régulièrement répartis sur sa péri-, phérie, la tige du vérin coopérant successivement avec les doigts, ou crans pour leur entraînement.
1025758|   1|EN|FR|PRECIS DE LA DIVULGATION, Un dispositif antipatinant adaptable à tous les types, de roues connues-des véhicules. Il est composé de deux câbles, de fixation, indépendants et identiques sur lesquels sont fixés, d'un bout à l'autre, à intervalle régulier, des tétons de posi-, tionnement, ainsi que de plusieurs sangles antipatinantes, amo-, vibles et interchangeables, constituées par un élément linéaire, extensible, comportant à chacune de ses extrémités, un crochet, de sûreté qui relie transversalement les câbles entre eux, au, niveau de leurs tétons de positionnement et dont l'une de ces, sangles antipatinantes, assure entre autre par l'intermédiaire, de ses crochets de sûreté, la liaison ou bouclage entre les ex-, trémités de chacun des câbles de fixation, mis en tension par, l'accrochage de la dernière sangle antipatinante sur eux, au, moment du montage final du dispositif sur la roue à équiper.
1025799|   1|FR|FR|PRECIS DE LA DIVULGATION:, Procédé et dispositif pour dégager de l'énergie élec-, tromagnétique à haute fréquence à l'intérieur d'un matériau contre, la surface duquel le dispositif est appliqué. Le dispositif met-, tant en oeuvre le procédé comporte en combinaison une enveloppe, conductrice sensiblement fermée au sens électromagnétique du terme, avec une ouverture rayonnante, et un câble coaxial reliant l'envelop-, pe à un générateur d'énergie électromagnétique fonctionnant à une, fréquence comprise entre environ 10 et 2,000 mégahertz. Cette, ouverture est située sensiblement à l'opposé du point où aboutit, le câble coaxial, pour permettre à l'énergie électromagnétique de, s'échapper vers l'extérieur. Un enroulement hélicoïdal métallique, est situé à l'intérieur de l'enveloppe transmettant l'énergie, électromagnétique envoyée par le câble coaxial, l'axe de cet, enroulement hélicoïdal étant dirigé sensiblement selon l'axe de, l'enveloppe, et son extrémité opposée au câble coaxial aboutissant, au voisinage de l'ouverture de l'enveloppe. L'ensemble constitué, par l'enveloppe, l'enroulement hélicoïdal et le matériau dans, lequel on dégage de l'énergie à haute fréquence en l'appliquant, contre la partie ouverte de l'enveloppe, est adapté en fréquence, et en impédance au câble coaxial et au générateur de l'énergie, électrique à haute fréquence.
1025836|   1|EN|FR|ABREGE DESCRIPTIF, L'invention est du domaine des piles métal alcalin (Li) chromate, d'argent. On propose d'utiliser comme matériau du boîtier positif, d'une telle pile de l'acier inoxydable contenant au moins 11%, de chrome. ?ar ce choix, on retarde considérablement la corrosion, du boîtier lors du stockage ou de la décharge.
1025865|   1|FR|FR|P R E C I S, De nouvelles amides hétérocycliques de formule I:, I, dans laquelle:, - X est N ou CH;, - n est 0 ou 1, et, - R est un radical de formule:, ou , ou , dans laquelle:, - R1 est hydrogène ou méthyle;, - R2 et R3, identiques, sont alkyle inférieur ou, représentent ensemble une chaîne -(CH2)p- éventuellement, interrompue par un oxygène, où p varie de 4 à 7. et, - R' représente un radical hydrocarboné aliphatique, saturé ou non, linéaire ou ramifié de C1 à C20, un radical, cycloalkyl de C3 à C7, ou un radical de formule, dans laquelle:, - A est une liaison simple ou une chaîne hydro-, carbonée de C1 à C6 contenant éventuellement un oxygène, et, - Ar et R sont chacun un radical aromatique, éventuellement substitué, et leurs sels d'addition avec des acides compatibles, sont préparés:, - soit en faisant réagir un dérivé de formule II:, II, sur un dérivé de formule III:, III, IV, - soit en faisant réagir un dérivé de formule V:, V, sur un dérivé de formule VI:, VI, X, n et R ayant dans les formules I? à VI la même signification, que dans la formule I et Z représentant Cl, Br ou -O-COO, alkyle. Ces nouveaux dérivés sont utilisés comme médicament, notamment dans le traitement de l'hypersécrétion gastrique, des, ulcères gastroduodénaux et des troubles du système nerveux, central.
1026085|   1|EN|EN|Procédé de fabrication d'une prothèse osseuse en alumine, poreuse. On soumet des grains céramiques calibrés à une, cuisson à une température inférieure à leur température, de frittage, on les comprime en une masse de pressage, puis on soumet celle-ci à un frittage.
1026162|   1|EN|EN|Bateau du type comprenant au moms deux coques parallèles , pourvues chacune d'une étrave et réunies par un pont comportent , une face inférieure. Ce bateau est caractérisé en ce que, les parties des coques qui se font face ont une convexité telle que, la zone où leur écartement est minimum soit située en event de, 1a verticale abaissée du centre de gravité du bateau, tandis que, la face inférieure du pont située en arrière de cette verticale, présente une partie inclinée de bas en haut et d'avant en arrière, Une telle structure crée un effet hydrodynamique inattendu , favorable à la bonne stabilité et a une grande vitesse de bateau.
1026182|   1|FR|FR|L'invention concerne un poumon artificiel du type dans, lequel la pression du sang est supérieure à la pression du gaz, oxygéné. Selon l'invention une fraction au moins du courant ga-, zeux qui circule dans l'oxygénateur (1) sous l'action d'une pompe, (7) est recyclée (en 19). Utilisable en assistance ou suppléance, pulmonaire.
1026188|   1|FR|FR|Composition antiseptique aqueuse, applicable sur la, peau de façon prolongée et efficace dans la lutte contre la bromi-, drose. Cette composition est caractérisée en ce qu'elle contient:, 0,3 , 18% en poids d'un amino-acide tensioactif, portant en oméga, par rapport a la fonction acide un radical hydrocarboné en C8 à, C30 ; une matière grasse non irritante; un ou plusieurs stérols, et au moins une des vitamines E et A à la concentration d'au moins, 50 unités pour 100 grammes de composition. Elle est particulière-, ment efficace contre la bromidrose, notamment celle des pieds, sans aucune action irritante sur la peau.
1026233|   1|EN|FR|PRECIS DE LA DIVULGATION:, La présente invention a pour objet une nouvelle métho-, de de traitement des affections respiratoires. Selon, l'invention, on administre, à titre de mucolytique, à l'homme, ou à l'animal, une quantité suffisante d'un composé choisi, dans le groupe formé par la 2-mercaptopropionylglycine répondant, à la formule , et ses sels alcalins. La, 2-mercaptopropionylglycine et ses sels alcalins peuvent être, administrés par voie digestive, par voie parentérale, par voie, rectale, ou par contact avec les muqueuses rhinopharyngée et, trachéo-bronchique.
1026315|   1|EN|FR|PRECIS DE LA DIVULGATION:, Outil de forage perfectionné comportant un corps pou-, vant être entraîné en rotation et solidaire d'un porte-outil et, portant des organes tournants munis d'éléments taillants ainsi, que des moyens d'irrigation adaptés à produire, au niveau des, organes tournants, un jet de fluide d'irrigation dirigé sensi-, blement dans le sens de progression de l'outil. Cet outil com-, porte aussi une jupe prelongeant le corps de l'outil dont elle, est solidaire, cette jupe ayant un diamètre extérieur légèrement, inférieur au diamètre du trou forè et délimitant immédiatement, au-dessus des organes tournants un espace rempli par le fluide, ayant irrigué les organes tournants. Cette jupe a un orifice, d'évacuation du fluide contenu dans ledit espace selon une direc-, tion ayant au moins une composante parallèle à la direction de, progression de l'outil et des moyens d'aspiration, à travers ledit, orifice d'évacuation, du fluide remplissant ledit espace, ces, moyens d'aspiration étant adaptés à faire circuler ce fluide dans, le sens opposé à celui de la progression de l'outil.
1026318|   1|EN|FR|PRECIS DE LA DIVULGATION:, L'invention a pour objet un procédé de préparation de, 17-spiro lactones stérorïdes qui consiste essentiellement à éli-, miner la fonction ester d'une 17-spiro lactone estérifiée, puis, à effectuer une décarboxylation.
1026356|   1|EN|FR|PRECIS DE LA DIVULGATION:, L'invention vise un procédé d'oxydation en continu du, propylène en phase liquide par l'oxygène moléculaire. Le, procédé consiste à effectuer l'oxydation en présence d'un solvant, insoluble dans l'eau et peu miscible à l'acide formique, condenser les produits entraînés par les gaz de réaction, à injec-, ter de 0 à 5 kg d'eau par m3 (T.P.N) d'oxygène moléculaire dans, les produits condensés, à séparer la phase organique de la phase, aqueuse contenant les acides, à recycler la phase organique dans, la zone réactionnelle et à soutirer de ladite zone l'oxyde de, propylène. Le procédé permet une bonne sélectivité en oxyde, de propylène.
1026379|   1|EN|FR|PRECIS DE LA DIVULGATION:, Procédé de synthèse de nitro-2-halogénophénols à partir, de polyhalogénonitrobenzènes. L'invention concerne plus particu-, lièrement un procédé de préparation de nitro-2-halogénophénol, éventuellement alkylé, par substitution d'un halogène par un grou-, pe OH sur un polyhalogénonitrobenzène, éventuellement alkylé, possédant un halogène et un seul en position ortho par rapport, au groupe nitro, qui est caractérisé en ce que l'on fait réagir le, polyhalogénonitrobenzène avec un agent de saponification au sein, d'un solvant comprenant un alcool tertiaire ayant une constante, diélectrique ne dépassant pas 25, déterminée à la température de, 20-25°C. Les nitro-2-halogénophénols sont des intermédiaires de, synthèse de nombreux produits biocides.
1026449|   1|EN|FR|PRECIS DE LA DIVULGATION:, Système optique antiretour comporte un nombre N de lames, à faces parallèles en un matériau ayant une constante de Verdet et, des moyens pour créer un champ magnétique traversant les faces de, ces lames. La première lame est orientée par rapport à un faisceau, laser incident de manière que l'angle d'incidence soit égal à, l'angle de Brewster. Ce système est caractérisé par le fait que les, plans des diverses autres lames sont orientés de telle sorte que, l'angle d'incidence du faisceau reçu sur une lame soit voisin de, l'angle de Brewster et que, d'autre part, la normale au plan d'une, lame fasse avec la normale au plan de la lame située en amont, un, angle égal à l'angle dont a tourné le vecteur polarisation de la, lumière à la traversée de la lame amont en raison de l'effet, Faraday. Le nombre des lames, le matériau qui les constitue, leur, épaisseur et l'intensité du champ magnétique sont choisis de, manière que la rotation totale subie par le vecteur de polarisa-, tion de la lumière entre l'entrée du système et la sortie soit, voisin de 45°.
1026450|   1|EN|FR|ABREGE DESCRIPTIF, L'invention concerne les amplificateurs laser. Elle a pour objet un, amplificateur laser du type comprenant un cylindre droit entouré d'un, flash caractérisé par le fait que le cylindre comprend une première, portion interne en verre dopé, ayant la forme d'un cylindre de révo-, lution dont la forme est obtenue par la rotation autour d'un axe d'un, arc de courbe tournant sa convexité vers l'axe, et une seconde portion, entournant la première et dont le matériau constitutif est un liquide, ayant un indice voisin de celui du matériau dont est constituée la, première portion.
1026458|   1|EN|FR|ABREGE DESCRIPTIF, L'invention est du domaine des antennes radioélectriques pour, faisceaux hertziens. Elle vise à simplifier la fabrication d'un, cornet pour une telle antenne dont la surface intérieurs est, cannelée ou corrugués. On prévoit selon l'invention une tôle de, support extérieure sur laquelle on monte intérieurement un nombre, élevé d'anneaux l'un à côté de l'autre qui sont d'une forme telle, que deux anneaux adjacents délimitant une cannelure. Cette struc-, ture permet une fabrication économique et facilite l'adaptation à, différentes formes de cannelures dans un même cornet.
1026495|   1|EN|FR|PRECIS DE LA DIVULGATION:, Polymère thermodurcissable, caractérisé en ce qu'il est, obtenu par réaction de l'ammoniac avec un polyimide de formule:, (I), dans laquelle le symbole Y représente un radical organique de va-, lence a, a est un nombre variant de 2 à 4 et les symboles A et B, identiques ou différents, représentent chacun un atome d'hydrogè-, ne ou de chlore ou un radical méthyl, les proportions de polyimide, et d'ammoniac étant telles qu'il y ait au moins 2 groupements imi-, de par mole d'ammoniac.
1026531|   1|EN|FR|PRECIS DE LA DIVULGATION:, La présente demande a pour objet un dispositif pour, la décarbonatation d'un gaz ou mélange de gaz contenant de, l'anhydride carbonique, comportant un corps muni d'un orifice, d'admission du gaz ou mélange de gaz à décarbonater et d'un, orifice de récupération du gaz ou mélange de gaz décarbonaté, et, une cartouche filtrante contenant de la chaux sodée, cette, cartouche filtrante étant interposée entre les orifices d'ad-, mission et d'évacuation, de sorte qu'elle soit traversée par, la totalité du gaz ou mélange de gaz. Ce dispositif est, caractérisé par le fait qu'il comporte en outre des moyens, adaptés à compenser, au moins partiellement, toute diminution, de la teneur en eau de la chaux sodée contenue dans la cartou-, che filtrante, ladite teneur en eau étant de préférence main-, tenue entre 10 et 30%. Un tel dispositif permet, pour une, même quantité de chaux sodée, une meilleure épuration des gaz, que les dispositifs antérieurs.
1026536|   1|EN|FR|PRECIS DE LA DIVULGATION:, L'invention a pour objet un procédé de fixation, d'une barrière microporeuse tubulaire en matériau céramique, sur un embout métallique, caractérisé en ce que ledit embout, métallique étant constitué de deux bagues raccordées par un, soufflet, ladite barrière est enfilée sur l'une des deux ba-, gues, et l'étanchéité entre ladite barrière et le soufflet, est réalisée au moyen d'un joint en un matériau thermoplasti-, que mis en forme. La présente invention s'applique à la fixa-, tion de pièces en céramique poreuse sur des pièces métalliques, et plus particulièrement au scellement de barrières tubulai-, res en céramique sur des embouts métalliques. Ces ensembles, barrières et embouts, destinés à la confection de diffuseurs, pour la séparation des isotopes de l'uranium doivent présen-, ter une étanchéité parfaite même dans les conditions de fonc-, tionnement les plus sévères. Dans ce procédé, on utilise un, polymère ou copolymère thermoplastique mis en forme, en une, ou plusieurs étapes, soit par cuisson au four, soit par injec-, tion sous pression.
1026648|   1|EN|FR|PRECIS DE LA DIVULGATION:, Dispositif hydro ou oléopneumatique comportant un trans-, formateur de pression constitué par un cylindre pneumatique simple, ou multiple à un ou plusieurs étages dont le piston est relié, rigidement à un cylindre hydraulique appelé accumulateur. Le, piston de cet accumulateur refoule le liquide vers un vérin hy-, draulique dit de fonction, utilisant l'énergie fournie par la, poussée pneumatique. Le cylindre pneumatique du transformateur, de pression est d'épourvu d'orifices d'échappement pour l'air com-, primé et est relié librement à un réservoir d'air comprimé, à la, pression d'utilisation, dont le volume VR est important par rap-, port au volume VC du cylindre pneumatique, le rapport , étant égal à la variation admissible pour la pression d'utilisa-, tion de l'air suivant l'usage auquel est destiné le dispositif.
1026696|   1|EN|FR|PRECIS DE LA DIVULGATION:, Support souple destiné à supporter la bande transpor-, teuse d'un convoyeur. Le support souple selon l'invention est, caractérisé en ce qu'il est constitué d'au moins deux éléments, souples, munis éventuellement de pièces cylindriques, qui sont, fixés par chacune de leurs extrémités et indépendamment l'un de, l'autre, au châssis du convoyeur. La longueur de ces éléments, souples est supérieure à la distance séparant les points de, fixation de leurs extrémités au châssis du convoyeur de façon, qu'ils décrivent une courbe. Le support souple de l'invention, présente en outre l'avantage que la bande transporteuse d'un, convoyeur peut être mise en une auge profonde et avoir une vi, tesse linéaire relativement élevée sans que pour autant elle, tende à se décentrer.
1026745|   1|EN|FR|PRECIS DE LA DIVULGATION:, La présente invention se rapporte à de nouveaux, dérivés de la céphalosporine de formule générale I:, dans laquelle l'un des symboles A et A1 représente un atome, d'oxygène ou de soufre et l'autre représente un atome de sou-, fret R1 représente un atome d'hydrogène, un radical acétoxy, (méthyl-5 thiadiazol-1,3,4 yl-2) thio ou (méthyl-1 tétrazol-1, 2,3,4 yl-5) thio et R2 représente un radical carboxy ou bien, R1 représente un radical pyridinio et R2 représente l'ion car-, boxylato, ainsi que leurs sels métalliques et leurs sels d'ad-, dition avec les bases azotées pharmaceutiquement acceptables, lorsque R2 est le radical carboxy, et leur procédé particulier, de préparation. Les nouveaux dérivés selon l'invention sont, utiles notamment dans le traitement des infections bactériennes.
1026885|   1|FR|FR|PRECIS DE LA DIVULGATION:, Compositions à base de 100 parties de polymères, diméthylpolysiloxaniques, de 1 à 15 parties d'esters siliciques, de 5 à 25 parties de dérivés organiques du titane de 0,3 à 8, parties de catalyseurs et de 500 à 5000 parties de solvants, organiques. Ces compositions sont caractérisées par l'emploi, de silicates d'alcoxyalcoyle et de polytitanates d'alcoyle, comme dérivés organiques du titane. Les compositions selon, l'invention servent au traitement antiadhérent des matériaux, cellulosiques et synthétiques.
1026925|   1|EN|FR|PRECIS DE LA DIVULGATION:, Machine et procédé pour l'élaboration d'un produit la-, miné, à partir d'une ébauche obtenue par coulée continue d'un, métal ou alliage liquide dans une roue refroidie munie d'une, gorge périphérique fermée sur une partie de sa circonférence, par un ruban métallique formant une boucle sans fin, entraîné, à la vitesse circonférentielle de la roue qu'il enveloppe par-, tiellement, le métal ou l'alliage liquide étant déversé en per-, manence en un point fixe constituant l'extrémité amont fixe de, la partie fermée de la gorge, dans laquelle il se solidifie au, moins partiellement pour ressortir en aval sous forme d'une é-, bauche continue qui est elle-même ensuite introduite dans un, laminoir continu. Selon ce procédé, quelle que soit la nature, du produit travaillé, on se place toujours dans les conditions, optimales du couple vitesse-température de la vitesse de la roue, et température de l'ébouche assurant à la fois de bonne condi-, tions de coulée et de bonnes conditions de laminage ultérieur. Pour ce faire, on agit indépendamment d'une part sur la vitesse, de la roue, d'autre part sur la longueur de produit emprisonné, dans la gorge de la roue par modification de la longueur de ru-, ban appliqué sur la roue, en faisant varier le point aval de, séparation roue-ruban où l'ébauche sort de la gorge.
1026937|   1|EN|FR|PRECIS DE LA DIVULGATION:, Collier de serrage comportant d'un seul te-, nant une lanière souple et une tête de fermeture, la tête de, fermeture comportant un passage pour engagement de la lanière, souple après pliage en boucle de celle-ci et portant, en saillie, au-delà du passage, et de part et d'autre de celui-ci, deux taquets, formant entre eux un col de largeur inférieure à l'épaisseur de la, lanière souple. Les taquets sont chacun flanqués latéralement de, pions de hauteur au moins sensiblement égale à celle des taquets, et propres ainsi à l'appui d'un quelconque outil de traction.
1026970|   1|EN|FR|"PRECIS DE LA DIVULGATION:, La présente invention se rapporte à un nouvel alliage, d'aluminium, comprenant essentiellement une proportion de cuivre, (Cu) de 1,50 à 2,50 %; une proportion de magnésium (Mg) de 0,50, à 1 %; une proportion de silicium (Si) de 0,40 à 0,80 %; les, quantités de Mg et Si étant telles que la somme Mg + Si soit in-, férieure ou égale à 1,60 %. Selon une autre caractéristique, de l'invention, le nouvel alliage peut renfermer, outre les im-, puretés habituelles de 1' aluminium telles que par exemple le fer, des éléments d'addition tels que les métaux suivants:, - Cr : jusqu'à 0,20% du poids de l'alliage, - Mn : jusqu'à 0,40 %, - Ti : jusqu'à 0,20 %, - Zr : jusqu'à 0,20 %. Les alliages selon l'invention, ont un comportement nettement meilleur que les alliages voisins, utilisés jusqu'ici pour la carosserie automobile. Ces nouveaux, alliages offrent ""inter alia"" d'excellents aptitudes au soudage, sertissage et emboutissage,"
1027021|   1|EN|FR|PRECIS DE LA DIVULGATION:, La présente invention concerne un dispositif permettant, de retirer l'écorce des billots de bois. Il comprend un rouleau, central imprimant un mouvement rotatif à des roues pneumatiques, alignées de part et d'autre sur ses côtés, le billot placé dans, le couloir d'écorçage reçoit un mouvement hélicoïdal de la part, des roues et dans son avance rencontre des butées d'enclenche-, ment qui commandent par l'intermédiaire d'un circuit pneumatique, le bras de support de la fraise en forme d'étoile du rotor à, écorcer et ceux-ci ainsi que tous les organes tournant sont, commandés par la prise de force ou par le circuit hydraulique, du tracteur. Cette invention peut être utilisée sur chantier, d'abattage ou dans une scierie, en poste mobile ou fixe.
1027044|   1|EN|FR|PRECIS DE LA DIVULGATION, La présente invention a pour objet une nouvelle composi-, tion cosmétique contenant dans un véhicule cosmétique approprié, au moins un composé actif correspondant à la formule suivante:, (I), dans laquelle:, X représente S, SO ou SO2, R1 représente H dans ce cas R2 = OH, et R1 représente OH dans ce cas R2 = H . -1-
1027047|   1|EN|FR|PRECIS DE LA DIVULGATION:, La présente invention a pour objet une nouvelle laque, pour cheveux, conditionnée sous forme de bombe aérosol, caracté-, risée par le fait qu'elle se compose d'au moins un copolymère, correspondant à la formule suivante:, dans laquelle:, R = éthyle ou butyle, et, R1 = H ou un radical aliphatique ayant de 1 à 4 atomes, de carbone, la quantité de copolymère étant comprise entre environ 0,5 et 4%, en poids par rapport au poids du contenu de la bombe, les fonctions acides carboxyliques libres dudit copolymère étant, neutralisées à l'aide d'une base organique dans une proportion de, 20 à 35%, d'une phase alcoolique correspondant à environ 20 à 45%, du poids total du contenu de la bombe, de trichlorofluorométhane, et d'une quantité de protoxyde d'azote suffisante pour élever la, pression à l'intérieur de la bombe à une valeur comprise entre 3, et 8 kg/cm2. La laque aérosol selon l'invention présente une, bonne stabilité dans le temps et une très bonne élimination au, shampooing.
1027048|   1|EN|FR|PRECIS DE LA DIVULGATION:, La présente invention concerne un nouveau produit, anti-perspirant destiné à être conditionné sous forme aérosol. Ce produit consiste en des particules composées de micro-cris, taux d'un dérivé anti-perspirant de l'aluminium enrobés par un, amidon dégradé. Le produit de l'invention présente l'avantage, d'isoler le dérivé anti-perspirant de l'aluminium des autres, composants de l'aérosol prévenant ainsi toute réaction chimique, entre celui-ci et ces derniers. La matière enrobante, consti-, tuée par un amidon dégradé, ne présente aucune réactivité avec, le dérivé anti-perspirant de l'aluminium et le milieu de l'aéro-, sol et est soluble dans l'eau à la température du corps humain.
1027049|   1|EN|FR|PRECIS DE LA DIVULGATION:, La présente invention concerne un nouveau produit anti-, perspirant, à action retardée. Ce produit consiste en des parti-, cules composées de micro-cristaux d'un dérivé anti-perspirant de, l'aluminium enrobés par un amidon partiellement réticulé par éthé-, rification. Le produit selon l'invention a la propriété de pré-, senter des retards considérables à l'hydratation lorsqu'il est, mis en présence d'eau à une température inférieure à 50°C. L'une, des caractéristiques importantes de l'invention est de permettre, de régler la vitesse de solubilisation du produit anti-perspirant, de la sueur en faisant varier non seulement le rapport entre les, poids respectifs du dérivé anti-perspirant de l'aluminium et de, l'amidon réticulé constituant les particules selon l'invention, mais aussi le degré de réticulation de l'amidon utilisé, et de, réaliser ainsi au niveau des endroits de la peau à protéger contre, la transpiration une réserve potentielle d'agent anti-perspirant, susceptible d'exercer son action pendant un temps prolongé.
1027063|   1|EN|FR|PRECIS DE LA DIVULGATION:, Procédé de séparation de cétazines des mélanges bruts, de synthèse les contenant par distillation caractérisé en ce que, la distillation est effectuée sur des mélanges bruts dont le pH, est porte à une valeur comprise entre 8,5 et 12 par addition d'un, agent basique ou d'un agent acide. La distillation est effec-, tuée sous une pression réduite telle que la température d'ébul-, lition des mélanges à la base de la colonne à distillation ne, dépasse pas sensiblement 85°C. La durée de séjour de la phase, liquide dans la colonne ne dépasse pas une demi-heure. La, quantité d'agent acide ou basique est généralement comprise en-, tre 0.01 et 5% en poids du mélange réactionnel total. L'agent, basique est choisi, de préférence, parmi les hydroxydes ou les, carbonates des métaux alcalins ou alcalinoterreux et l'agent, acide parmi les hydracides ou les oxyacides minéraux courants. Le procédé selon l'invention a pour but de limiter considé-, rablement l'hydrolyse des cétazines en ajustant le pH du milieu, tel que ci-haut mentionne et d'en faciliter la séparation par le, fait même.
1027088|   1|EN|FR|B R E V E T D ' I N V E N T I O N . APPAREIL A TETE ROTATIVE POUR LE REAPPROVISIONNEMENT, EN CIGARETTES DES TREMIES D'ALIMENTATION DES MACHINES, RAPIDES A EMPAQUETER LES CIGARETTES. Société dite : G.D. Sociétà per Azioni. Abrégé descriptif. L'appareil comprend une tête rotative pour réappro-, visionner en cigarettes les trémies d'alimentation des machines, rapides à empaqueter les cigarettes. La tête réceptrice mobile, tournant sur un axe horizontal, est doté de deux cavités opposées, ouvertes au moins sur un flanc et le long d'un côté de la tête, à, la façon d'une bouche de décharge, a même de recevoir chacune, une cassette de cigarettes dans une position spéculaire renversée, par rapport à l'autre, le côté supérieur ouvert étant en liaison, avec la bouche de décharge. Des organes de transfert engagent, une seule cassette à la fois pour la transférer d'ùne bande trans-, porteuse à une cavité de la pièce mobile et respectivement de, l'autre cavité de celle-ci à la bande transporteuse. Des organes, sont prévus pour animer la tête mobile d'un mouvement de rota-, tion sur l'axe horizontal, de manière à modifier la position spécu-, laire des cassettes logées respectivement dans la cavité correspon-, dante. (figure 1).
1027095|   1|EN|FR|ABREGE DESCRIPTIF, Ce robinet comprend un corps dans lequel une cartouche, est montée coulissante sous l'action d'un organe de commande, du réglage de débit, les orifices d'entrée d'eau chaude et, d'eau froide de cette cartouche étant ménagés radialement, dans la paroi latérale de celle-ci. Suivant l'invention ce robinet comporte, dans la chambre, de mélange délimitée par la cartouche, deux déflecteurs, permettant de transformer les écoulements radiaux d'entrée, d'eau chaude et d'eau froide en écoulements axiaux dirigés, l'un vers l'autre.
1027125|   1|EN|FR|PRECIS DE LA DIVULGATION:, Polyamide-imides obtenus par chauffage d'un mélange, comprenant:, a) une dialdoxime de formule, G (CH = NOH)2, dans laquelle G représente le lien valentiel ou un radical orga-, nique divalent ayant de 1 à 24 atomes de carbone, b) un bis-imide de formule, dan laquelle A représente un radical organique divalent possé-, dant au moins 2 atomes de carbone, Y1 et Y2 représentent H, CH3, ou Cl, les réactifs étant pris en quantités telles que le nombre, de moles de bis-imide au nombre de moles de dialdoxime soit com-, pris entre 0,5 et 50.
1027225|   1|EN|FR|PRECIS DE LA DIVULGATION:, Dispositif récepteur continu pour la prospection, sismique terrestre comportant au moins un élément-support allon-, gé, réalisé en un matériau souple et des moyens capteurs. L'é-, lément-support comporte une partie centrale allongée solidaire, de deux parties latérales d'épaisseur supérieure à celle de la, partie centrale et délimitant avec celle-ci au moins un évide-, ment. Les moyens capteurs sont solidaires de la partie centrale, de l'élément-support et sont couplés avec le sol par l'intermé-, diaire de cet élément-support. Et méthode pour la mise en oeu-, vre de ce dispositif.
1027293|   1|EN|FR|PRECIS DE LA DIVULGATION:, Procédé de préparation de nouveaux polymères à activi-, té anti-inflammatoire caractérisé par le fait que, dans un pre-, mier stade, on polymérise en présence d'un catalyseur un monomè-, re porteur d'une fonction réactive permettant de former avec les, molécules anti-inflammatoires à fonction acide carboxylique ou, ses dérivés des liaisons covalentes, ledit monomère étant poly-, mérisé seul ou en présence d'autres monomères et que, dans un, deuxième stade, on fait réagir le polymère formé avec une molé-, cule anti-inflammatoire dans une proportion correspondant au po-, lymère que l'on souhaite obtenir. Une variante consiste, dans, un premier stade, à préparer un dérivé insaturé de la molécule, anti-inflammatoire à fonction acide carboxylique et, dans un, deuxième stade, à homopolymériser ou copolymériser en présence, d'un catalyseur dé polymérisation ledit dérivé insaturé seul ou, en présence d'autres monomères. L'invention a également pour ob-, jet ces nouveaux polymères à activité anti-inflammatoire ainsi, obtenus.
1027297|   1|EN|FR|ABREGE DESCRIPTIF, Corps sphéroïdal à haute teneur en carbone. Il est constitué par une pluralité de cellules fermées et les, parois des cellules périphériques forment une peau délimitant sa, surface extérieure. Il peut être utilisé, soit en tant que tel, notamment, sous, forme d'un lit de granules, comme agent d'isolation pour éviter, la mise en contact de la surface de bains de produits chimiques, avec l'atmosphère, soit pour la fabrication de matériaux composi-, tes.
1027298|   1|EN|FR|PRECIS DE LA DIVULGATION:, Corps sphéroïdal en matière organique macromoléculaire, carbonisable à l'état solide en conservant sa forme originale. Ce corps est caractérisé par le fait que son diamètre moyen est de, quelques dixièmes de millimètres à quelques centimètres, qu'il est, constitué par une pluralité de cellules fermées et que l'ensemble, des cellules périphériques forme une paroi de 50 à 500 microns, délimitant sa surface extérieure. Il peut être utilisé, soit en, tant que tel, notamment, sous forme d'un lit de granules, comme, agent d'isolation pour éviter la mise en contact de la surface, de bains de produits chimiques avec l'atmosphère, soit pour la, fabrication de matériaux composites.
1027358|   1|EN|FR|PRECIS, Tube-guide réfractaire pour cannes de mesure à encastrer, dans un mur de four métallurgique. Dans un boîtier est emboîtée, une partie réfractaire. Une première chambre du boîtier débouche, dans des tubes métalliques fins noyés dans la partie réfractaire. Une deuxième chambre du boîtier communique avec l'ouverture cen-, trale de la partie réfractaire dans laquelle coulisse une canne, de mesure. Les deux chambres sont reliées à une installation, d'air comprimé. Le tube réfractaire et la canne de mesure peu-, vent ainsi être refroidis par air comprimé.
1027373|   1|EN|FR|PRECIS DE LA DIVULGATION, L'invention concerne un procédé d'affinage de mattes, du nickel , caractérisé en ce qu'il comprend, aux teneurs éle, vées en soufre, une première phase d'affinage réalisée par souf-, flage d'un gaz oxydant, suivie aux plus basses teneurs en soufre, d'au moins une autre phase d'affinage réalisée par soufflage, au-, dessous du niveau supérieur de la matte, de jets à double ou, multiple alimentation séparée, comportant chacun au centre un, écoulement principal d'un gaz oxydant constitué d'un mélange, d'oxygéne et d'un fluide produisant un effet de dilution du gaz, sulfureux, et à la périphérie un écoulement d'un agent protec-, teur conte l'usure à chaud. Ces différentes phases du procédé, sont réalisées dans le même convertisseur sans le recours néces-, saire à une mise sous vide.
1027375|   1|EN|FR|PRECIS DE LA DIVULGATION:, Procédé pour modifier les propriétés physiques et/ou, la composition d'un alliage métallique. On introduit dans cet, alliage, préalablement porté à température au moins égale à, son point de fusion, un mélange contenant au moins un composé, réducteur et au moins un composé réductible par celui-ci, choisi parmi les halogénures, oxydes et sulfures de métaux, des groupes 1a, 2a et 3b, la composition globale de ce mélange, étant telle qu'il soit liquide à la température de fusion, de l'alliage à traiter, et sous la forme d'une phase homogène. Ce procédé est particulièrement utile pour désulfurer une, fonte ou un acier ou pour transformer une fonte grise en fonte, modulaire.
1027445|   1|EN|FR|PRECIS DE LA DIVULGATION:, Un dispositif de moulage pour réaliser l'immobilisa-, tion d'un membre fracturé comprenant une enveloppe généralement, tubulaire pour entourer le membre et sectionnée en deux parties, selon un plan passant par l'axe longitudinal du membre, l'envelop-, pe définissant une surface de coupe pour laisser un espace libre, autour du membre; une membrane flexible adaptée à entourer au moins, une partie du contour du membre et reliée à l'enveloppe de façon à, former deux parois entre le membre et l'enveloppe pour diviser, l'espace libre en zones volumétriques; des bandes pour ceinturer, l'enveloppe et retenir les parties constituantes; une matière plas-, tique de mousse solidifiée remplissant chacune des zones volumé-, triques pour former deux blocs de matière plastique de sorte que, les deux blocs peuvent être sortis de l'enveloppe, détachés de la-, dite membrane et séparés l'un de l'autre pour permettre de sortir, le membre de l'intérieur de la matière plastique.
1027552|   1|EN|FR|PRECIS DE LA DIVULGATION:, L'invention a pour objet de nouveaux dérivés 3,3-, éthylènedioxy 11-oxo 13.beta.-alcoyle gon-9-ènes et leur préparation, caractérisés essentiellement en ce que l'on époxyde en position, 9,11 un gona-5 (10), 9(11)-diène correspondant, soumet le compo-, sé résultant à l'action d'un acide de Lewis pour obtenir le 11-, oxo gon-5(10)-ène correspondant que l'on soumet soit à l'action, d'un agent d'isomérisation, soit à l'action d'un agent d'époxy-, dation et puis à l'action d'une base forte. Les composés de, l'invention sont utiles pour la préparation de 10-alcoyle stéroï-, des.
1027584|   1|EN|FR|PRECIS DE LA DIVULGATION:, La présente invention concerne un procédé en continu, de préparation des aldéhydes à partir des oléfines par synthèse, oxo et plus particulièrement la transformation en aldéhydes des, produits subsidiaires résultant de l'hydroformylation des oléfi-, nes. Le procédé consiste, après hydroformylation des oléfines, élimination des hydrocarbures n'ayant pas réagi et séparation, des aldéhydes des produits secondaires à reprendre lesdits pro-, duits secondaires pour séparer les alcools et les formiates des, produits lourds. Les alcools et les formiates sont deshydrogé-, nés et renvoyés dans le cycle de distallation. Les produits, lourds sont hydrolysés à la vapeur d'eau, les aldéhydes et al-, cools formés étant renvoyés dans le cycle de distillation.
1027627|   1|EN|FR|PRECIS DE LA DIVULGATION:, L'invention concerne un support de plateau destiné à être, solidarisé à un pied métallique, tel qu'un pied de table com-, portant au moins deux plateaux. Le support selon l'invention, a la forme générale d'un triangle dont le sommet de l'angle, adjacent au pied présente une découpe convenable ménagée pour, ceindre partiellement la demi-périphérie du pied, tandis que, chacun des côtés adjacents à la découpe porte un rabat sensi-, blement à angle droit, la fixation du support sur le pied étant, réalisée, soit par soudure, soit par vissage au travers d'une, plaquette solidarisée au dit support. L'invention est parti-, culièrement destinée à la réalisation d'une table roulante, ou non, du type table à desserte, table de télévision ou si-, milaire.
